{
  "runtimeOptions": {
    "tfm": "net10.0",
    "includedFrameworks": [
      {
        "name": "Microsoft.NETCore.App",
        "version": "10.0.0-rc.2.25502.107"
      },
      {
        "name": "Microsoft.AspNetCore.App",
        "version": "10.0.0-rc.2.25502.107"
      }
    ],
    "configProperties": {
      "System.GC.Server": true,
      "System.Reflection.Metadata.MetadataUpdater.IsSupported": false,
      "System.Runtime.Serialization.EnableUnsafeBinaryFormatterSerialization": false
    }
  }
}